insert into address(address_id, country, region, city)
values(1,'Estonia','Harjumaa','Tallinn'),
      (2,'Estonia','Harjumaa','Maardu'),
      (3,'Estonia','Harjumaa','Keila'),
      (4,'Estonia','Harjumaa','Saue'),
      (5,'Estonia','Harjumaa','Paldiski'),
      (6,'Estonia','Harjumaa','Kehra'),
      (7,'Estonia','Harjumaa','Loksa'),
      (8,'Estonia','Hiiumaa','Kärdla'),
      (9,'Estonia','Ida-Virumaa','Narva'),
      (10,'Estonia','Ida-Virumaa','Kohtla-Järve'),
      (11,'Estonia','Ida-Virumaa','Sillamäe'),
      (12,'Estonia','Ida-Virumaa','Jõhvi')
      (13,'Estonia','Ida-Virumaa','Kiviõli'),
      (14,'Estonia','Ida-Virumaa','Narva-Jõesuu'),
      (15,'Estonia','Ida-Virumaa','Püssi'),
      (16,'Estonia','Jõgevamaa','Jõgeva'),
      (17,'Estonia','Jõgevamaa','Põltsamaa'),
      (18,'Estonia','Jõgevamaa','Mustvee'),
      (19,'Estonia','Järvamaa','Paide'),
      (20,'Estonia','Järvamaa','Türi'),
      (21,'Estonia','Lääne-Virumaa','Rakvere'),
      (22,'Estonia','Lääne-Virumaa','Tapa'),
      (23,'Estonia','Lääne-Virumaa','Kunda'),
      (24,'Estonia','Lääne-Virumaa','Tamsalu'),
      (25,'Estonia','Läänemaa','Haapsalu'),
      (26,'Estonia','Põlvamaa','Põlva'),
      (27,'Estonia','Põlvamaa','Räpina'),
      (28,'Estonia','Pärnumaa','Pärnu'),
      (29,'Estonia','Pärnumaa','Sindi'),
      (30,'Estonia','Pärnumaa','Kilingi-Nõmme'),
      (31,'Estonia','Pärnumaa','Lihula'),
      (32,'Estonia','Raplamaa','Rapla'),
      (33,'Estonia','Saaremaa','Kuressaare'),
      (34,'Estonia','Tartumaa','Tartu'),
      (35,'Estonia','Tartumaa','Elva'),
      (36,'Estonia','Tartumaa','Kallaste'),
      (37,'Estonia','Valgamaa','Valga'),
      (38,'Estonia','Valgamaa','Tõrva'),
      (39,'Estonia','Valgamaa','Otepää'),
      (40,'Estonia','Viljandimaa','Viljandi'),
      (41,'Estonia','Viljandimaa','Karksi-Nuia'),
      (42,'Estonia','Viljandimaa','Võhma'),
      (43,'Estonia','Viljandimaa','Suure-Jaani'),
      (44,'Estonia','Viljandimaa','Abja-Paluoja'),
      (45,'Estonia','Viljandimaa','Mõisaküla'),
      (46,'Estonia','Võrumaa','Võru'),
      (47,'Estonia','Võrumaa','Antsla');

insert into category(category_id,name, parent_id)
values (1, 'Компьютерная техника', null),
       (2, 'Электроника', null),
       (3, 'Мебель', null),
       (4, 'Бытовая техника', null),
       (5, 'Хобби, спорт и туризм', null),
       (6, 'Недвижимость', null),
       (7, 'Авто и транспорт', null),
       (8, 'Всё для детей', null),
       (9, 'Всё для дома', null),
       (10, 'Сад и огород', null),
       (11, 'Одежда', null),
       (12, 'Животные', null),

       (100, 'Ноутбуки', 1),
       (101, 'Компьютеры / системные блоки', 1),
       (102, 'Мониторы', 1),
       (103, 'Комплектующие', 1),
       (104, 'Оргтехника', 1),
       (105, 'Периферия и аксессуары', 1),
       (106, 'Сетевое оборудование', 1),
       (107, 'Прочие компьютерные товары', 1),

       (200, 'Аудиотехника', 2),
       (201, 'Наушники', 2),
       (202, 'ТВ и видеотехника', 2),
       (203, 'Фототехника и оптика', 2),
       (204, 'Игры и приставки', 2),

       (300, 'Банкетки, пуфики', 3),
       (301, 'Вешалки, прихожие', 3),
       (302, 'Детская мебель', 3),
       (303, 'Комоды', 3),
       (304, 'Кровати, матрасы', 3),
       (305, 'Кухни', 3),
       (306, 'Кухонные уголки', 3),
       (307, 'Мягкая мебель', 3),
       (308, 'Полки, стеллажи, шкафчики', 3),
       (309, 'Спальные гарнитуры', 3),
       (310, 'Стенки, секции, модули', 3),
       (311, 'Столы и обеденные группы', 3),
       (312, 'Стулья', 3),
       (313, 'Тумбы, буфеты', 3),
       (314, 'Шкафы', 3),
       (315, 'Мебельная фурнитура и составляющие', 3),
       (316, 'Прочая мебель', 3),

       (400, 'Техника для кухни', 4),
       (401, 'Крупная техника для кухни', 4),
       (402, 'Техника для уборки', 4),
       (403, 'Климатическая техника', 4),
       (404, 'Уход за одеждой', 4),
       (405, 'Техника для красоты и здоровья', 4),

       (500, 'CD, DVD, пластинки', 5),
       (501, 'Антиквариат и коллекции', 5),
       (502, 'Билеты', 5),
       (503, 'Книги и журналы', 5),
       (504, 'Металлоискатели', 5),
       (505, 'Музыкальные инструменты', 5),
       (506, 'Настольные игры и пазлы', 5),
       (507, 'Охота и рыбалка', 5),
       (508, 'Туристические товары', 5),
       (509, 'Радиоуправляемые модели', 5),
       (510, 'Рукоделие', 5),
       (511, 'Спорттовары', 5),
       (512, 'Велосипеды', 5),
       (513, 'Электротранспорт', 5),
       (514, 'Туристические услуги', 5),
       (515, 'Прочее в Хобби, спорт и туризм', 5),

       (800, 'Одежда до 1 года', 8),
       (801, 'Одежда для девочек', 8),
       (802, 'Одежда для мальчиков', 8),
       (803, 'Аксессуары для детей', 8),
       (804, 'Детская обувь', 8),
       (805, 'Ходунки, шезлонги, качели', 8),
       (806, 'Коляски', 8),
       (807, 'Автокресла и бустеры', 8),
       (808, 'Кормление и уход', 8),
       (809, 'Текстиль для детей', 8),
       (810, 'Сумки-кенгуру и слинги', 8),
       (811, 'Игрушки и книги', 8),
       (812, 'Детский транспорт', 8),
       (813, 'Товары для мам', 8),
       (814, 'Одежда для беременных', 8),
       (815, 'Прочие товары для детей', 8),
       (816, 'Детская мебель', 8),

       (900, 'Предметы интерьера, зеркала', 9),
       (901, 'Шторы, жалюзи, карнизы', 9),
       (902, 'Текстиль и ковры', 9),
       (903, 'Освещение', 9),
       (904, 'Хозяйственные товары', 9),
       (905, 'Посуда и кухонные аксессуары', 9),
       (906, 'Комнатные растения', 9),
       (907, 'Бытовые услуги', 9),
       (908, 'Ремонт мебели', 9),

       (1000, 'Садовая мебель и бассейны', 10),
       (1001, 'Мангалы, аксессуары, топливо', 10),
       (1002, 'Мотоблоки и культиваторы', 10),
       (1003, 'Садовая техника', 10),
       (1004, 'Садовый инвентарь', 10),
       (1005, 'Теплицы и парники', 10),
       (1006, 'Растения, рассада и семена', 10),
       (1007, 'Удобрения и агрохимия', 10),
       (1008, 'Все для пчеловода', 10),
       (1009, 'Бани, хозблоки, санузлы', 10),
       (1010, 'Прочее для сада и огорода', 10),

       (1200, 'Домашние питомцы', 12),
       (1201, 'Сельхоз животные', 12),
       (1202, 'Товары для животных', 12),
       (1203, 'Вязка животных', 12),
       (1204, 'Услуги для животных', 12),

       (10100, 'Компьютеры', 101),
       (10101, 'Микрокомпьютеры', 101),
       (10102, 'Моноблоки', 101),

       (10300, 'SSD', 103),
       (10301, 'Блоки питания, аккумуляторы', 103),
       (10302, 'Видеокарты', 103),
       (10303, 'Жесткие диски', 103),
       (10304, 'Звуковые карты', 103),
       (10305, 'Корпуса', 103),
       (10306, 'Кулеры', 103),
       (10307, 'Материнские платы', 103),
       (10308, 'Ноутбуки на запчасти', 103),
       (10309, 'Оперативная память', 103),
       (10310, 'Оптические приводы', 103),
       (10311, 'Процессоры', 103),
       (10312, 'Прочие компьютерные комплектующие', 103),

       (10400, 'МФУ', 104),
       (10401, 'Принтеры', 104),
       (10402, 'Сканеры', 104),
       (10403, 'Уничтожители бумаг', 104),
       (10404, 'Факсы', 104),
       (10405, 'Фотопринтеры', 104),
       (10406, '3D принтеры', 104),
       (10407, 'Прочая оргтехника', 104),
       (10408, 'Комплектующие, расходники', 104),

       (10500, 'IP-камеры', 105),
       (10501, 'USB Flash', 105),
       (10502, 'USB-хабы', 105),
       (10503, 'Боксы для жестких дисков', 105),
       (10504, 'Веб-камеры', 105),
       (10505, 'Внешние жесткие диски', 105),
       (10506, 'Источники бесперебойного питания', 105),
       (10507, 'Кабели и переходники', 105),
       (10508, 'Карт-ридеры', 105),
       (10509, 'Клавиатуры', 105),
       (10510, 'Мультимедиа акустика', 105),
       (10511, 'Мыши', 105),
       (10512, 'Коврики', 105),
       (10513, 'Подставки для ноутбуков', 105),
       (10514, 'Рюкзаки и сумки для ноутбуков', 105),
       (10515, 'Сетевые фильтры', 105),
       (10516, 'Чехлы для ноутбуков', 105),
       (10517, 'Прочие компьютерные аксессуары', 105),

       (10600, 'Маршрутизаторы', 106),
       (10601, 'Модемы', 106),
       (10602, 'Сетевые адаптеры', 106),
       (10603, 'Сетевые кабели и принадлежности', 106),
       (10604, 'Прочее сетевое оборудование', 106),

       (20000, 'CD', 200),
       (20001, 'MP3-плееры', 200),
       (20002, 'Акустика Hi-Fi и Hi-End', 200),
       (20003, 'Беспроводные и портативные колонки', 200),
       (20004, 'Кабели и адаптеры', 200),
       (20005, 'Микрофоны', 200),
       (20006, 'Музыкальные центры', 200),
       (20008, 'Радиоприемники', 200),
       (20009, 'Радиодетали', 200),
       (20010, 'Усилители и ресиверы', 200),
       (20011, 'Аксессуары для аудио', 200),
       (20012, 'Прочее', 200),

       (20100, 'Внутриканальные', 201),
       (20101, 'Вкладыши', 201),
       (20102, 'Накладные', 201),
       (20103, 'Полноразмерные', 201),

       (20200, 'Телевизоры', 202),
       (20201, 'Видео, DVD и Blu-ray плееры', 202),
       (20202, 'Видеокамеры', 202),
       (20203, 'Проекторы', 202),
       (20204, 'Спутниковые ресиверы', 202),
       (20205, 'ТВ-тюнеры', 202),
       (20206, 'Аксессуары для ТВ и видео', 202),
       (20207, 'Прочее', 202),

       (20300, 'Фотоаппараты', 203),
       (20301, 'Объективы', 203),
       (20302, 'Вспышки, лампы', 203),
       (20303, 'Штативы', 203),
       (20304, 'Бинокли и телескопы', 203),
       (20305, 'Аксессуары для фототехники', 203),
       (20306, 'Прочее', 203),

       (20400, 'Геймпады', 204),
       (20401, 'Игры для приставок, подписки, коды', 204),
       (20402, 'Приставки', 204),
       (20403, 'Компьютерные игры', 204),
       (20404, 'Очки VR', 204),
       (20405, 'Рули', 204),
       (20406, 'Запчасти, аксессуары', 204),
       (20407, 'Прочее', 204),

       (40000, 'Аэрогриль', 400),
       (40001, 'Блендеры', 400),
       (40002, 'Блинницы', 400),
       (40003, 'Вафельницы', 400),
       (40004, 'Весы кухонные', 400),
       (40005, 'Йогуртницы', 400),
       (40006, 'Кофеварки и кофемашины', 400),
       (40007, 'Кофемолки', 400),
       (40008, 'Кухонные комбайны', 400),
       (40009, 'Микроволновые печи', 400),
       (40010, 'Миксеры', 400),
       (40011, 'Мультиварки', 400),
       (40012, 'Мясорубки', 400),
       (40013, 'Настольные плиты', 400),
       (40014, 'Пароварки', 400),
       (40015, 'Соковыжималки', 400),
       (40016, 'Сушилки для овощей и фруктов', 400),
       (40017, 'Сэндвичницы', 400),
       (40018, 'Тостеры', 400),
       (40019, 'Фритюрницы', 400),
       (40020, 'Хлебопечи', 400),
       (40021, 'Электрогриль', 400),
       (40022, 'Электрочайники', 400),
       (40023, 'Прочая техника для кухни', 400),

       (40100, 'Плиты', 401),
       (40101, 'Духовые шкафы', 401),
       (40102, 'Варочные панели', 401),
       (40103, 'Вытяжки', 401),
       (40104, 'Холодильники', 401),
       (40105, 'Морозильники', 401),
       (40106, 'Посудомоечные машины', 401),
       (40107, 'Прочая крупногабаритная техника', 401),

       (40200, 'Пылесосы', 402),
       (40201, 'Роботы-пылесосы', 402),
       (40202, 'Пароочистители', 402),
       (40203, 'Прочая техника для уборки', 402),

       (40300, 'Кондиционеры', 403),
       (40301, 'Вентиляторы', 403),
       (40302, 'Обогреватели', 403),
       (40303, 'Увлажнитель воздуха', 403),
       (40304, 'Очистители воздуха', 403),
       (40305, 'Электрокамины', 403),
       (40306, 'Прочая климатическая техника', 403),

       (40400, 'Утюги', 404),
       (40401, 'Отпариватели', 404),
       (40402, 'Швейные машины', 404),
       (40403, 'Оверлоки', 404),
       (40404, 'Стиральные машины', 404),
       (40405, 'Прочая техника для ухода за одеждой', 404),

       (40500, 'Аппараты для чистки лица', 405),
       (40501, 'Фены', 405),
       (40502, 'Стайлеры', 405),
       (40503, 'Утюжки для волос', 405),
       (40504, 'Мужские электробритвы', 405),
       (40505, 'Эпиляторы и женские электробритвы', 405),
       (40506, 'Машинки для стрижки волос', 405),
       (40507, 'Лампы для маникюра', 405),
       (40508, 'Пылесосы для маникюра', 405),
       (40509, 'Аппараты для маникюра и педикюра', 405),
       (40510, 'Стерилизаторы', 405),
       (40511, 'Зубные щетки', 405),
       (40512, 'Гидромассажеры', 405),
       (40513, 'Электромассажеры', 405),
       (40514, 'Массажные кресла', 405),
       (40515, 'Напольные весы', 405),
       (40516, 'Тонометры', 405),
       (40517, 'Ингаляторы', 405),
       (40518, 'Глюкометры', 405),
       (40519, 'Термометры', 405),
       (40520, 'Прочая техника для красоты и здоровья', 405),

       (80000, 'Верхняя одежда', 800),
       (80001, 'Комбинезоны', 800),
       (80002, 'Костюмчики', 800),
       (80003, 'Кофточки', 800),
       (80004, 'Джинсы, брюки, шорты', 800),
       (80005, 'Платья, юбки', 800),
       (80006, 'Майки, боди', 800),
       (80007, 'Слипы', 800),
       (80008, 'Ползунки', 800),
       (80009, 'Белье, пижамы, халаты', 800),
       (80010, 'Носки, колготки, леггинсы', 800),
       (80011, 'Одежда для крещения', 800),
       (80012, 'Прочая одежда до 1 года', 800),

       (80300, 'Аксессуары для волос', 803),
       (80301, 'Галстуки и бабочки', 803),
       (80302, 'Головные уборы', 803),
       (80303, 'Шарфы и платки', 803),
       (80304, 'Рюкзаки', 803),
       (80305, 'Сумки', 803),
       (80306, 'Украшения', 803),
       (80307, 'Очки', 803),
       (80308, 'Часы', 803),
       (80309, 'Перчатки и варежки', 803),
       (80310, 'Ремни и пояса', 803),
       (80311, 'Зонтики', 803),
       (80312, 'Прочие аксессуары для детей', 803),

       (80400, 'Босоножки, сандалии', 804),
       (80401, 'Туфли', 804),
       (80402, 'Ботинки', 804),
       (80403, 'Полусапожки', 804),
       (80404, 'Сапоги, валенки', 804),
       (80405, 'Тапочки, шлепанцы', 804),
       (80406, 'Спортивная обувь', 804),
       (80407, 'Пинетки', 804),
       (80408, 'Прочая детская обувь', 804),

       (80900, 'Балдахины', 809),
       (80901, 'Бортики', 809),
       (80902, 'Коконы', 809),
       (80903, 'Конверты', 809),
       (80904, 'Одеяла, подушки', 809),
       (80905, 'Пеленки', 809),
       (80906, 'Пледы', 809),
       (80907, 'Полотенца', 809),
       (80908, 'Постельное белье', 809),
       (80909, 'Прочее', 809),

       (81400, 'Белье', 814),
       (81401, 'Блузки', 814),
       (81402, 'Верхняя одежда', 814),
       (81403, 'Джинсы, брюки', 814),
       (81404, 'Домашняя одежда', 814),
       (81405, 'Колготки, леггинсы, носки', 814),
       (81406, 'Комбинезоны', 814),
       (81407, 'Костюмы, пиджаки', 814),
       (81408, 'Купальники', 814),
       (81409, 'Майки и топы', 814),
       (81410, 'Платья, сарафаны', 814),
       (81411, 'Рубашки', 814),
       (81412, 'Свитеры и толстовки', 814),
       (81413, 'Спортивная одежда', 814),
       (81414, 'Туники', 814),
       (81415, 'Шорты, юбки', 814),

       (90000, 'Вазы', 900),
       (90001, 'Зеркала', 900),
       (90002, 'Искусственные цветы', 900),
       (90003, 'Картины', 900),
       (90004, 'Подставки для цветов', 900),
       (90005, 'Свечи и подсвечники', 900),
       (90006, 'Статуэтки', 900),
       (90007, 'Фоторамки', 900),
       (90008, 'Часы и будильники', 900),
       (90009, 'Шкатулки и копилки', 900),
       (90010, 'Прочее', 900),

       (90100, 'Карнизы', 901),
       (90101, 'Шторы', 901),
       (90102, 'Гардины, тюль', 901),
       (90103, 'Рулонные шторы', 901),
       (90104, 'Жалюзи', 901),
       (90105, 'Прочее', 901),

       (90200, 'Ковры', 902),
       (90201, 'Декоративные подушки', 902),
       (90202, 'Наматрасники', 902),
       (90203, 'Одеяла', 902),
       (90204, 'Пледы', 902),
       (90205, 'Подушки для сна', 902),
       (90206, 'Покрывала', 902),
       (90207, 'Постельное белье', 902),
       (90208, 'Чехлы для мебели', 902),
       (90209, 'Прочий текстиль', 902),

       (90300, 'Люстры', 903),
       (90301, 'Светильники', 903),
       (90302, 'Бра', 903),
       (90303, 'Торшеры', 903),
       (90304, 'Настольные лампы', 903),
       (90305, 'Споты и трек-системы', 903),
       (90306, 'Плафоны', 903),
       (90307, 'Прочее', 903),

       (90400, 'Аккумуляторы, батарейки, подзарядки', 904),
       (90401, 'Банки, бутылки, бидоны', 904),
       (90402, 'Ведра, тазы, емкости для мусора', 904),
       (90403, 'Вешалки, чехлы для одежды', 904),
       (90404, 'Газовые баллоны', 904),
       (90405, 'Гладильные доски', 904),
       (90406, 'Губки, салфетки, тряпки', 904),
       (90407, 'Крючки, держатели', 904),
       (90408, 'Метла, совки, швабры, щетки', 904),
       (90409, 'Мешки, пакеты, упаковка', 904),
       (90410, 'Моющие и чистящие средства', 904),
       (90411, 'Перчатки резиновые, хозяйственные', 904),
       (90412, 'Полотенца банные', 904),
       (90413, 'Сумки, торбы, тележки', 904),
       (90414, 'Сушилки для белья', 904),
       (90415, 'Уход и хранение обуви', 904),
       (90416, 'Ящики, коробки, корзины', 904),
       (90417, 'Прочее', 904),

       (90500, 'Столовая посуда', 905),
       (90501, 'Кухонная посуда', 905),
       (90502, 'Кофе и чай', 905),
       (90503, 'Стаканы, бокалы, кувшины', 905),
       (90504, 'Столовые приборы', 905),
       (90505, 'Ножи и разделочные доски', 905),
       (90506, 'Принадлежности для выпечки', 905),
       (90507, 'Контейнеры и емкости для хранения', 905),
       (90508, 'Текстиль для кухни', 905),
       (90509, 'Тёрки, измельчители, овощерезки', 905),
       (90510, 'Аксессуары для сервировки', 905),
       (90511, 'Сушилки', 905),
       (90512, 'Прочее', 905),

       (100000, 'Бассейны', 1000),
       (100001, 'Беседки, шатры, тенты', 1000),
       (100002, 'Детские площадки', 1000),
       (100003, 'Качели садовые', 1000),
       (100004, 'Мебель для сада', 1000),
       (100005, 'Садовый интерьер и аксессуары', 1000),
       (100006, 'Уличное освещение', 1000),
       (100007, 'Прочее', 1000),

       (100100, 'Мангалы', 1001),
       (100101, 'Казаны', 1001),
       (100102, 'Коптильни', 1001),
       (100103, 'Аксессуары', 1001),
       (100104, 'Топливо', 1001),

       (100200, 'Мотоблоки', 1002),
       (100201, 'Культиваторы', 1002),
       (100202, 'Запчасти и сопутствующие товары', 1002),

       (100300, 'Электро- и бензопилы', 1003),
       (100301, 'Газонокосилки', 1003),
       (100302, 'Измельчители', 1003),
       (100303, 'Насосы', 1003),
       (100304, 'Триммеры', 1003),
       (100305, 'Запчасти и аксессуары', 1003),
       (100306, 'Прочее', 1003),

       (100400, 'Еврокубы, баки и бочки', 1004),
       (100401, 'Садовый инструмент', 1004),
       (100402, 'Тачки и тележки', 1004),
       (100403, 'Шланги и полив', 1004),
       (100404, 'Прочее', 1004),

       (100600, 'Саженцы, рассада', 1006),
       (100601, 'Семена, луковицы', 1006),
       (100602, 'Прочее', 1006),

       (100700, 'Органические удобрения', 1007),
       (100701, 'Минеральные удобрения', 1007),
       (100702, 'Калийные удобрения', 1007),
       (100703, 'Средства для защиты растений', 1007),

       (100800, 'Инструменты и аксессуары', 1008),
       (100801, 'Одежда для защиты', 1008),
       (100802, 'Пчелы, пчелопакеты', 1008),
       (100803, 'Продукты пчеловодства', 1008),
       (100804, 'Ульи', 1008),
       (100805, 'Прочее', 1008),

       (100900, 'Бани', 1009),
       (100901, 'Туалеты и санузлы', 1009),
       (100902, 'Хозблоки', 1009),
       (100903, 'Аксессуары для бань', 1009),
       (100904, 'Прочее', 1009);

insert into feature(feature_id, name, description)
values (1, 'Процессор', 'Основной компонент компьютера или устройства, который выполняет большую часть вычислительных операций. Он является "мозгом" компьютера и отвечает за выполнение инструкций и управление остальными частями системы.'),
       (2, 'Видеокарта', 'Специализированный компонент компьютера или устройства, который отвечает за обработку и отображение графики, изображений и видео.'),
       (3, 'Диагональ экрана', 'Размер экрана по диагонали (в дюймах).'),
       (4, 'Оперативная память', 'Временное хранилище данных, которое используется компьютером или другим устройством для выполнения задач.'),
       (5, 'Накопитель данных', 'Устройство в котором хранятся данные. Может быть разных типов, самые распространённые из которых: HDD и SSD.'),
       (6, 'Ёмкость накопителя', 'Количество доступной памяти в накопителе.'),
       (7, 'Разрешение экрана', 'Количество точек (пикселей), которые могут быть отображены на экране устройства. Выражается в двух числах, например, 1920x1080 (Ширина x Высота).'),
       (8, 'Тип матрицы', 'Технология, используемая в ЖК (жидкокристаллических) дисплеях для создания изображения на экране. Наиболее распространённые: TN, IPS, VA.'),
       (9, 'Производитель', 'Компания, которая выпустила продукт.'),

       (11, 'Конструкция','Вид конструкции наушников, самые распространённые из которых:
       - вставные (вкладыши),
       - внутриканальные (затычки или вакуумные),
       - накладные,
       - мониторные (полноразмерные),
       - наушники с костной проводимостью'),
       (12, 'Цвет', 'Основной цвет устройства.'),

       (13, 'Тип принтера', 'Тип технологии печати. Основные виды: лазерный, струйный, матричный.'),

       (14, 'Варочная панель', 'Варочные панели в зависимости от источника энергии делятся на газовые и электрические. Достаточно редко встречаются комбинированные модели, снабженные конфорками обоих типов. Кроме того, существует несколько разновидностей панелей электрического типа, различающихся конструкцией и принципом действия.'),
       (15, 'Количество конфорок', 'Общее количество раздельно управляемых конфорок на варочной панели.'),
       (16, 'Рабочая поверхность', 'Рабочая поверхность газовых и электрических варочных панелей может изготавливаться из:
- эмалированной стали: самый дешевый и простой, но достаточно невзрачный и трудно очищаемый материал;
- нержавеющей стали: более привлекательный, но быстро пачкающийся материал;
- закаленное стекло: более эффектный и легко очищаемый, но хрупкий материал;
- стеклокерамика используется в стеклокерамических электрических панелях.'),

       (17,'Объём духового шкафа', 'Объём духового шкафа, измеряемый в литрах.'),
       (18,'Электрическая мощность подключения', 'Предельная мощность, потребляемая духовым шкафом.'),
       (19,'Ширина', 'Ширина устройства.');

insert into category_feature(category_id, feature_id)
values (1,9),(2,9),(3,9),(4,9),(5,9),(6,9),(7,9),(8,9),(9,9),(10,9),(11,9),(12,9),
       (100,1),(100,2),(100,4),(100,5),(100,6),(100,3),(100,7),(100,8),
       (101,1),(101,2),(101,4),(101,5),(101,6),
       (201,11),(201,12),
       (10401,13),
       (40100,19),(40100,14),(40100,15),(40100,16),(40100,17),(40100,18);

insert into role(role_id, name)
values(1, 'admin'),
      (2, 'client');

insert into user(user_id, login, password, email, first_name, last_name, age, phone)
values(1,'admin','$2a$10$KD3GqTUp2/VPHJ54PdGW6..T65bzXU.Wuk/KBcqv/F761IOxacGX.',
       'admin@re-sale.ee','admin','admin','2000-01-01','+37256781234');

insert into user_role(user_id, role_id)
values(1,1);